Forest Adventure,Adventure ,High,Ropes,Ziplining,Obstacle,Course,Adventure,Outdoor,Fun
Mega Adventure Park,Adventure ,Ziplining,High,Ropes,Climbing,Adventure,Outdoor,Fun,Adrenaline
Palawan Beach,Beach,Family-Friendly,White,Sand,Swimming,Play,Area,Pirate,Ship
Singapore Botanic Gardens,Botanical Garden,Orchids,Nature,Heritage,Biodiversity,Floral,Serene,Relaxation,Walks
Singapore Bowling @ Temasek Club,Bowling Alley,Bowling,Recreation,Fun,Entertainment,Social,Competition,Strikes,Spare
Bukit Brown Cemetery,Cemetery,Heritage,History,Burial,Site,Tombstones,Nature,Serene,Walking
Cloud Forest,Conservatory,Tropical,Plants,Misty,Waterfall,Botanical,Rainforest,Orchids,Biodiversity
Chinatown,Cultural District,Heritage,Chinese,Culture,Food,Shopping,Festive,Traditional,Lanterns
Little India,Cultural District,Indian,Culture,Heritage,Temples,Spices,Shopping,Festive,Vibrant
Marina Barrage,Dam,Reservoir,Recreation,Picnic,Kite,Flying,Green,Space,Waterfront
Forest4 Darts Cafe,Darts,Darts,Gaming,Entertainment,Social,Fun,Competition,Food,Drinks
Escape Hunt Singapore,Escape Room,Puzzle,Mystery,Adventure,Teamwork,Thriller,Excitement,Challenges,Fun
Mainland Tropical Fish Farm,Fish Farm,Tropical,Fish,Aquatic,Creatures,Education,Nature,Family-Friendly,Aquarium
D'Best Recreation Fishing,Fishing,Fishing,Recreation,Relaxation,Nature,Serene,Outdoor,Peaceful,Hobby
The Fishing Paradise at Bottle Tree Park,Fishing,Fishing,Recreation,Nature,Serene,Outdoor,Relaxation,Peaceful,Family-Friendly
Wave House Sentosa,FlowRider,Flowboarding,Surfing,Adventure,Watersports,Thrill,Outdoor,Unique,Family-Friendly
Hawker Centres,Food Courts,Local,Food,Culinary,Affordable,Authentic,Street,Food,Cultural
Lau Pa Sat,Food Market,Local,Food,Satay,Hawker,Centre,Cultural,Dining,Night
Chinese Garden,Garden,Chinese,Architecture,Serene,Pagodas,Lake,Bonsai,Cultural,Botanical
Gardens by the Bay,Garden,Nature,Supertrees,Floral,Garden,Rhapsody,Cloud,Forest,Sustainability
Marina Barrage Rooftop Garden,Garden,City,View,Picnic,Recreation,Reservoir,Urban,Serene,Greenery
National Orchid Garden,Garden,Orchids,Botanical,Flowers,Biodiversity,Serene,Nature,Fragrance,Colorful
Gardens by the Bay - Supertree Grove,Garden,Supertrees,Night,Lights,Nature,Technology,Iconic,Scenic,Greenery
Go-Kart Singapore,Go-Karting,Go-Karting,Racing,Thrill,Adventure,Competition,Speed,Adrenaline,Fun
Kartright Speedway,Go-Karting,Go-Karting,Racing,Thrill,Adventure,Competition,Speed,Adrenaline,Fun
Marina Bay Golf Course,Golf Course,Golfing,Scenic,Waterfront,City,View,Recreation,Outdoor,Relaxation
Trishaw Uncle Guided Tours,Guided Tours,Cultural,Experience,Heritage,Landmarks,Traditional,Transport,Fun,Entertainment
MacRitchie Treetop Walk,Hiking Trail,Canopy,Walk,Nature,Reservoir,Biodiversity,Wildlife,Treetops,Serene
Raffles Hotel,Historic Hotel,Heritage,Luxury,Architecture,Iconic,Colonial,Fine,Dining,Afternoon
The Pinnacle@Duxton,Housing Complex,Skybridge,Skyline,View,Residential,Landmark,Housing,Architecture,Green
Kallang Ice World,Ice Skating Rink,Ice,Skating,Recreation,Fun,Entertainment,Family-Friendly,Indoor,Cooling
SuperPark Singapore,Indoor Playground,Activities,Games,Fun,Adventure,Sports,Entertainment,Family-Friendly,Indoor
Amazonia,Indoor Playground,Indoor,Playground,Adventure,Fun,Entertainment,Children,Trampolines,Slides
iFly Singapore,Indoor Skydiving,Skydiving,Indoor,Adventure,Thrill,Simulation,Flying,Excitement,Adrenaline
Marina Bay Sands,Integrated Resort,Skyline,View,Casino,Luxury,Shopping,Dining,Entertainment,Iconic
iWall Singapore,Interactive Wall,Gaming,Interactive,Fun,Exercise,Technology,Entertainment,Active,Challenges
Kusu Island,Island,Pilgrimage,Site,Temples,Turtles,Beach,Tranquil,Nature,Festivals
Pulau Hantu,Island,Snorkeling,Diving,Coral,Reefs,Marine,Life,Nature,Photography
Pulau Semakau,Island,Landfill,Eco-Tour,Mangroves,Nature,Wildlife,Birdwatching,Photography,Conservation
Pulau Ubin,Island,Nature,Cycling,Hiking,Kampongs,Wildlife,Traditional,Rustic,Coastal
Pulau Ujong,Island,Main,Island,City,Urban,Landmarks,Cultural,Skyline,Vibrant
Sentosa Island,Island,Resorts,Beaches,Attractions,Family-Friendly,Entertainment,Outdoor,Activities,Adventure
Clarke Quay Fountain,Landmark,Fountain,Iconic,Water,Show,Spectacular,Nighttime,Music,Lights
Helix Bridge,Landmark,Architecture,Iconic,Pedestrian,Bridge,Marina,Bay,Night,View
Henderson Waves Bridge,Landmark,Architecture,Pedestrian,Bridge,Nature,Scenic,Skywalk,Wood,Structure
Merlion Park,Landmark,Iconic,Statue,Waterfront,Marina,Bay,Tourist,Attraction,City
The Helix Bridge,Landmark,Architecture,Iconic,Pedestrian,Bridge,Marina,Bay,Night,View
Tag Team Laser Tag,Laser Tag,Laser,Tag,Teamwork,Fun,Adventure,Competition,Tactical,Entertainment
National Library Building,Library,Books,Architecture,Education,Cultural,Study,Knowledge,Research,Community
Skyline Luge Sentosa,Luge,Luge,Ride,Adventure,Thrill,Fun,Outdoor,Entertainment,Family-Friendly
Civilian War Memorial,Memorial,History,World,War,II,Tribute,Peace,Reflection,Symbol
Sultan Mosque,Mosque,Islamic,Architecture,Cultural,Religious,Serene,Landmark,Heritage,Prayers
ArtScience Museum,Museum,Art,Science,Interactive,Exhibitions,Technology,Innovation,Architecture,Cultural
Asian Civilisations Museum,Museum,Asian,Art,History,Cultural,Heritage,Artefacts,Exhibitions,Diversity
Chinatown Heritage Centre,Museum,Chinese,Culture,History,Heritage,Immersive,Artifacts,Peranakan,Interactive
Katong Antique House,Museum,Peranakan,Culture,Heritage,Artifacts,Antiques,Traditional,History,Authentic
National Gallery Singapore,Museum,Art,Southeast,Asian,Art,Exhibitions,Heritage,Cultural,Architecture
National Museum of Singapore,Museum,History,Artifacts,Exhibitions,Cultural,Heritage,Interactive,Education,Multimedia
Peranakan Museum,Museum,Peranakan,Culture,Artifacts,History,Heritage,Interactive,Traditional,Cultural
Red Dot Design Museum,Museum,Design,Innovation,Exhibitions,Interactive,Creative,Products,Technology,Contemporary
Singapore City Gallery,Museum,Urban,Planning,Architecture,Exhibitions,City,Model,Interactive,Cultural
Singapore Discovery Centre,Museum,Exhibitions,Interactive,Science,Technology,Military,Education,History,Cultural
Singapore Philatelic Museum,Museum,Stamps,Postal,History,Exhibitions,Artifacts,Educational,Cultural,Interactive
The Battlebox,Museum,History,World,War,II,Bunker,Interactive,Exhibitions,Educational
The Changi Museum,Museum,World,War,II,History,Exhibitions,Memorial,Cultural,Educational
Bukit Timah Nature Reserve,Nature Reserve,Hiking,Biodiversity,Wildlife,Rainforest,Tranquil,Flora,Fauna,Scenic
Labrador Nature Reserve,Nature Reserve,Nature,Coastal,Hiking,Tranquil,Wildlife,Scenic,Biodiversity,Relaxation
Sungei Buloh Wetland Reserve,Nature Reserve,Wetland,Birdwatching,Nature,Wildlife,Boardwalk,Conservation,Tranquil,Biodiversity
Pulau Ubin Sensory Trail,Nature Trail,Nature,Flora,Fauna,Sensory,Experience,Educational,Walking,Trail
Far East Flora,Nursery,Plants,Garden,Flowers,Landscaping,Gardening,Greenery,Nursery,Horticulture
Marina Bay Sands Skypark,Observation Deck,Skyline,View,Panoramic,Landmark,Infinity,Pool,Rooftop,Scenic
Singapore Flyer,Observation Wheel,Skyline,View,Landmark,Panoramic,Scenic,Ferris,Wheel,Iconic
Bishan-Ang Mo Kio Park,Park,Greenery,Nature,Recreation,Jogging,Cycling,Picnic,Relaxation,Serene
Changi Beach Park,Park,Beach,Picnic,Family-Friendly,Sunset,Coastal,Cycling,BBQ,Relaxation
Coney Island Park,Park,Cycling,Nature,Wildlife,Tranquil,Picnic,Beach,Serene,Biking
East Coast Park,Park,Beach,Cycling,BBQ,Jogging,Water,Sports,Sea,View
Fort Canning Park,Park,History,Nature,Greenery,Concerts,Relaxation,Walking,Trails,Outdoor
Little Guilin,Park,Quarry,Rock,Formations,Scenic,Serene,Nature,Hiking,Trails
MacRitchie Reservoir Park,Park,Reservoir,Hiking,Nature,Treetop,Walk,Biodiversity,Wildlife,Serene
Pasir Ris Park,Park,Beach,Cycling,BBQ,Playground,Fishing,Nature,Mangrove,Picnic
Mount Faber Park,Park,Nature,Hilltop,Cable,Car,Scenic,Views,Hiking,Picnic
HortPark,Park,Gardens,Horticulture,Nature,Picnic,Landscaping,Scenic,Education,Relaxation
West Coast Park,Park,Playground,Picnic,Cycling,Barbecue,Recreation,Family-Friendly,Relaxation,Coastal
Lower Peirce Reservoir Park,Park,Reservoir,Nature,Hiking,Picnic,Scenic,Views,Tranquil,Wildlife
Esplanade - Theatres on the Bay,Performing Arts,Theater,Concerts,Music,Arts,Waterfront,Cultural,Landmark,Architecture
The Fragment Room,Rage Room,Stress,Release,Breakables,Therapy,Fun,Entertainment,Smashing,Venting
ORTO,Recreation ,Outdoor,Activities,Live,Music,Food,Drinks,Entertainment,Recreational
Jewel Changi Airport Canopy Park,Recreation ,Nature,Playground,Walking,Trail,Canopy,Bridge,Gardens,Family-Friendly
Alkaff Mansion,Restaurant,Fine,Dining,Historic,Elegant,Garden,Romantic,Events,Western
Burnt Ends,Restaurant,Barbecue,Modern,Charcoal,Meat,Grill,Open,Kitchen,Casual
Odette,Restaurant,Fine,Dining,French,Cuisine,Michelin,Star,Romantic,Elegance
Whitegrass,Restaurant,Modern,Australian,Fine,Dining,Degustation,Nature-Inspired,Wine,Pairing
Liao Fan Hawker Chan,Restaurant,Hawker,Stall,Michelin,Star,Chicken,Rice,Affordable,Local
Corner House,Restaurant,Botanical,Fine,Dining,French-Asian,Garden,Views,Gastronomic,Heritage
Jaan by Kirk Westaway,Restaurant,British,Cuisine,Skyline,Views,Fine,Dining,Modern,Gastronomic
Candlenut,Restaurant,Peranakan,Cuisine,Modern,Interpretation,Heritage,Sharing,Plates,Spices
CUT by Wolfgang Puck,Restaurant,Steakhouse,Modern,Fine,Dining,Premium,Cuts,Grilled,Meats
Shinji by Kanesaka,Restaurant,Sushi,Omakase,Japanese,Cuisine,Authentic,Fresh,Ingredients,Traditional
Waku Ghin,Restaurant,Japanese-European,Fine,Dining,Omakase,Interactive,Chef,Table,Multi-Course
Rhubarb Le Restaurant,Restaurant,French,Cuisine,Fine,Dining,Modern,Tasting,Menu,Artistic
Cheek Bistro,Restaurant,Modern,Australian,Bistro,Casual,Dining,Wine,Bar,Creative
Meta,Restaurant,Innovative,Modern,European,Tasting,Menu,Artistic,Culinary,Experience
Summer Palace,Restaurant,Cantonese,Cuisine,Fine,Dining,Dim,Sum,Traditional,Elegant
Blue Hill,Restaurant,Farm-to-Table,Sustainable,Seasonal,Fine,Dining,Organic,Culinary,Philosophy
Wild Rocket,Restaurant,Mod-Sin,Cuisine,Local,Ingredients,Fusion,Contemporary,Creative,Dishes
Les Amis,Restaurant,French,Cuisine,Fine,Dining,Michelin,Star,Elegant,Sophisticated
Iggy's,Restaurant,Modern,European,Fine,Dining,Degustation,Wine,Pairing,Intimate
Restaurant Andr√©,Restaurant,Modern,French,Fine,Dining,Degustation,Culinary,Philosophy,Intimate
The Song of India,Restaurant,Indian,Cuisine,Fine,Dining,Michelin,Star,Exquisite,Traditional
Saint Pierre,Restaurant,French,Cuisine,Fine,Dining,Michelin,Star,Gastronomic,Seasonal
Osteria Mozza,Restaurant,Italian,Cuisine,Fine,Dining,Mozzarella,Bar,Authentic,Stylish
The Black Swan,Restaurant,European,Cuisine,Art,Deco,Elegant,Sophisticated,Classic,Stylish
Rang Mahal,Restaurant,Indian,Cuisine,Fine,Dining,Michelin,Star,Elegant,Sophisticated
The Kitchen at Bacchanalia,Restaurant,Modern,European,Fine,Dining,Degustation,Contemporary,Experimental,Culinary
Imperial Treasure Fine Teochew Cuisine,Restaurant,Teochew,Cuisine,Fine,Dining,Traditional,Seafood,Elegant,Sophisticated
Pollen,Restaurant,Mediterranean,Cuisine,Garden,Views,Fine,Dining,Modern,Botanical
Tippling Club,Restaurant,Modern,Cuisine,Molecular,Gastronomy,Experimental,Innovative,Playful,Cocktail
FOC Restaurant,Restaurant,Spanish,Cuisine,Tapas,Vibrant,Lively,Casual,Dining,Social
Raffles Grill,Restaurant,European,Cuisine,Fine,Dining,Classic,Elegant,Sophisticated,Iconic
The White Rabbit,Restaurant,European,Cuisine,Classic,Elegant,Sophisticated,Whimsical,Garden,Views
Restaurant JAG,Restaurant,French,Cuisine,Fine,Dining,Gastronomic,Seasonal,Foraged,Ingredients
Art,Restaurant,French-Japanese,Cuisine,Fine,Dining,Gastronomic,Artistic,Presentation,Intimate
Meta Restaurant,Restaurant,Modern,Asian,Innovative,Fusion,Gastronomic,Artistic,Intimate,Culinary
Cloudstreet,Restaurant,Modern,Australian,Fine,Dining,Innovative,Gastronomic,Artistic,Seasonal
Zen,Restaurant,Nordic,Cuisine,Fine,Dining,Gastronomic,Experiential,Seasonal,Intimate
Basque Kitchen by Aitor,Restaurant,Basque,Cuisine,Modern,Innovative,Gastronomic,Chef's,Table,Artistic
Cheek by Jowl,Restaurant,Modern,Australian,Fine,Dining,Casual,Innovative,Creative,Dishes
National Kitchen by Violet Oon,Restaurant,Peranakan,Cuisine,Local,Delicacies,Heritage,Traditional,Elegant,Authentic
Yellow Pot,Restaurant,Chinese,Cuisine,Modern,Contemporary,Sophisticated,Creative,Dishes,Vibrant
Tong Le Private Dining,Restaurant,Chinese,Cuisine,Fine,Dining,Sky,High,Views,Exclusive
The Clifford Pier,Restaurant,Local,Cuisine,Heritage,Waterfront,Dining,Colonial,Charm,Traditional
Open Farm Community,Restaurant,Farm-to-Table,Organic,Garden,Views,Casual,Dining,Sustainable,Relaxing
Akira Back,Restaurant,Japanese-Korean,Fusion,Modern,Trendy,Innovative,Creative,Dishes,Vibrant
Morsels,Restaurant,Fusion,Cuisine,Small,Plates,Creative,Dishes,Innovative,Cozy
The Summerhouse,Restaurant,Farm-to-Table,Fresh,Dining,Nature-Inspired,Rustic,Relaxed,Food,Seasonal
Sichuan Dou Hua,Restaurant,Sichuan,Cuisine,Fine,Dining,Authentic,Dim,Sum,Spicy
Jumbo Seafood,Restaurant,Seafood,Chilli,Crab,Black,Pepper,Crab,Local,Cuisine
The Dempsey Cookhouse & Bar,Restaurant,Modern,European,Chic,Stylish,Sophisticated,Contemporary,Elegant,Artistic
Fat Cow,Restaurant,Japanese,Wagyu,Beef,Sushi,Teppanyaki,Fine,Dining,Luxurious
Yan Ting,Restaurant,Cantonese,Cuisine,Dim,Sum,Fine,Dining,Elegant,Sophisticated
CUT by Wolfgang Puck,Restaurant,Steakhouse,Fine,Dining,Premium,Cuts,Grilled,Meats,Sophisticated
The Marmalade Pantry,Restaurant,Modern,Comfort,Food,Casual,Dining,Brunch,Desserts,Cosy
Fat Prince,Restaurant,Middle,Eastern,Cuisine,Modern,Contemporary,Creative,Dishes,Vibrant
Salted & Hung,Restaurant,Modern,Australian,Charcuterie,Creative,Dishes,Innovative,Casual,Dining
Zafferano Italian Restaurant & Lounge,Restaurant,Italian,Cuisine,Fine,Dining,Sky,High,Views,Sophisticated
Mitzo Restaurant & Bar,Restaurant,Chinese,Cuisine,Dim,Sum,Modern,Contemporary,Chic,Sophisticated
Akira Back,Restaurant,Japanese-Korean,Cuisine,Modern,Innovative,Creative,Dishes,Vibrant,Trendy
Les Bouchons Rive Gauche,Restaurant,French,Bistro,Steak-Frites,Classic,Rustic,Casual,Dining,Relaxed
28 Wilkie,Restaurant,Fusion,Cuisine,Contemporary,Casual,Dining,Creative,Dishes,Vibrant
Birds of a Feather,Restaurant,Modern,Sichuan,Cuisine,Fusion,Creative,Dishes,Trendy,Vibrant
Labyrinth,Restaurant,Modern,Singaporean,Cuisine,Innovative,Creative,Dishes,Fusion,Gastronomic
Gunther's,Restaurant,French,Cuisine,Fine,Dining,Classic,Elegant,Sophisticated,Gastronomic
The Naked Finn,Restaurant,Seafood,Fresh,Produce,Minimalist,Simple,Authentic,Casual,Rustic
Potato Head Singapore,Restaurant,Asian,Cuisine,Burger,Joint,Casual,Dining,Vibrant,Lively
The Butchers Wife,Restaurant,Modern,European,Relaxed,Dining,Farm-to-Table,Creative,Dishes,Vegetarian-Friendly
Summer Pavilion,Restaurant,Cantonese,Cuisine,Fine,Dining,Michelin,Star,Elegant,Sophisticated
Table65,Restaurant,Modern,European,Fine,Dining,Interactive,Innovative,Experimental,Molecular
Baba Chews Bar and Eatery,Restaurant,Peranakan,Cuisine,Modern,Interpretation,Casual,Dining,Cosy,Friendly
Butcher Boy,Restaurant,Asian,Fusion,Small,Plates,Contemporary,Creative,Dishes,Lively
Thevar,Restaurant,Modern,Indian,Cuisine,Innovative,Creative,Dishes,Contemporary,Vibrant
Roketto Izakaya,Restaurant,Japanese,Izakaya,Casual,Dining,Lively,Vibrant,Food,Authentic
The Lokal,Restaurant,Modern,Australian,Cuisine,Casual,Dining,Brunch,Friendly,Relaxed
FOC Sentosa,Restaurant,Mediterranean,Cuisine,Beachfront,Dining,Casual,Lively,Vibrant,Sea
Summerlong,Restaurant,Mediterranean,Cuisine,Beachfront,Dining,Casual,Lively,Vibrant,Sea
Violet Oon Satay Bar & Grill,Restaurant,Satay,Barbecue,Grilled,Meats,Casual,Dining,Vibrant,Traditional
49 Seats,Restaurant,Western,Cuisine,Pasta,Pizza,Affordable,Casual,Dining,Cosy
Persea,Restaurant,Modern,European,Casual,Dining,Seasonal,Fresh,Produce,Vibrant
Bread Street Kitchen,Restaurant,European,Cuisine,Casual,Dining,British-Inspired,Vibrant,Stylish,Lively
Esquina,Restaurant,Spanish,Tapas,Casual,Dining,Lively,Vibrant,Social,Stylish
Nouri,Restaurant,Crossroads,Cuisine,Innovative,Gastronomic,Seasonal,Creative,Dishes,Artistic
Prego,Restaurant,Italian,Cuisine,Casual,Dining,Family-Friendly,Vibrant,Lively,Authentic
Porta,Restaurant,European,Cuisine,Casual,Dining,Contemporary,Vibrant,Stylish,Relaxed
The Halia,Restaurant,Modern,European,Casual,Dining,Garden,Dining,Nature-Inspired,Relaxed
Alley on 25,Restaurant,Multi-Cuisine,Casual,Dining,Vibrant,Lively,Contemporary,Stylish,Relaxed
The Masses,Restaurant,Modern,European,Affordable,Casual,Dining,Creative,Dishes,Contemporary
Spago Dining Room by Wolfgang Puck,Restaurant,Modern,European,Fine,Dining,Sky,High,Views,Sophisticated
Meatsmith,Restaurant,Barbecue,American,Cuisine,Casual,Dining,Lively,Meat,Flavorful
The Pelican,Restaurant,Seafood,Casual,Dining,Waterfront,Dining,Lively,Vibrant,Stylish
Neon Pigeon,Restaurant,Japanese,Cuisine,Izakaya,Casual,Dining,Lively,Vibrant,Trendy
Bee's Knees at The Garage,Restaurant,Casual,Dining,Garden,Dining,Nature-Inspired,Relaxed,Fresh,Ingredients
Pasta Bar,Restaurant,Italian,Cuisine,Casual,Dining,Pasta,Affordable,Lively,Vibrant
Symmetry,Restaurant,Modern,European,Cuisine,Casual,Dining,Brunch,Cosy,Relaxed
Standing Sushi Bar,Restaurant,Japanese,Cuisine,Sushi,Casual,Dining,Affordable,Authentic,Cozy
The Coconut Club,Restaurant,Nasi,Lemak,Local,Cuisine,Casual,Dining,Affordable,Authentic
Little Island Brewing Co.,Restaurant,Craft,Beer,Casual,Dining,Lively,Vibrant,Relaxed,Drinks
The Marmalade Pantry Novena,Restaurant,Modern,Comfort,Food,Casual,Dining,Brunch,Desserts,Cosy
The White Rabbit @ Dempsey,Restaurant,European,Cuisine,Classic,Elegant,Sophisticated,Whimsical,Garden,Views
Singapore River,River,Riverfront,Riverside,Dining,Boat,Tours,Scenic,Waterfront,Night
Singapore River Cruise,River Tour,River,Sightseeing,Historical,Landmarks,Boat,Tour,Night,Cruise
Clarke Quay,Riverside Promenade,Nightlife,Dining,Entertainment,Riverfront,Vibrant,Bars,Music,Scenic
River Valley Road,Road,Riverside,Residential,Dining,Nightlife,Bars,Cityscape,Urban,Expatriate
Singapore Science Centre,Fun,Science,Exhibitions,Interactive,Education,Innovation,Technology,Unique,Learning
Orchard Road,Shopping District,Retail,Fashion,Luxury,Shopping,Malls,Dining,Entertainment,Vibrant
Bugis Street,Shopping District,Retail,Street,Market,Fashion,Bargains,Shopping,Malls,Night
Mustafa Centre,Shopping Mall,Retail,24-Jul,Electronics,Variety,Affordable,Cosmetics,Convenience,Cultural
Raffles City,Shopping Mall,Retail,Dining,Entertainment,Landmark,Modern,Central,Fashion,Lifestyle
VivoCity,Shopping Mall,Retail,Dining,Entertainment,Waterfront,Vibrant,Landmark,Fashion,Lifestyle
Jewel Changi Airport,Shopping Mall,Retail,Dining,Entertainment,Indoor,Garden,Rain,Vortex,Lifestyle
ION Orchard,Shopping Mall,Luxury,Brands,Retail,Fashion,Dining,Shopping,Experience,Landmark
Clarke Quay Central,Shopping Mall,Retail,Dining,Entertainment,Riverfront,Landmark,Vibrant,Lifestyle,Fashion
Marina Bay Sands Shoppes,Shopping Mall,Luxury,Brands,Retail,Dining,Entertainment,Canal,Architecture,Fashion
Suntec City,Shopping Mall,Retail,Dining,Entertainment,Convention,Fountain,Lifestyle,Luxury,Events
Westgate,Shopping Mall,Retail,Dining,Entertainment,Lifestyle,Fashion,Family-Friendly,Landmark,Urban
JCube,Shopping Mall,Retail,Dining,Entertainment,Ice,Skating,Lifestyle,Fashion,Recreation
Great World City,Shopping Mall,Retail,Dining,Entertainment,Lifestyle,Fashion,Family-Friendly,Landmark,Urban
Marina Square,Shopping Mall,Retail,Dining,Entertainment,Waterfront,Lifestyle,Fashion,Landmark,Urban
Changi City Point,Shopping Mall,Retail,Dining,Entertainment,Lifestyle,Fashion,Outlet,Stores,Urban
Tampines Mall,Shopping Mall,Retail,Dining,Entertainment,Lifestyle,Fashion,Family-Friendly,Urban,Landmark
Northpoint City,Shopping Mall,Retail,Dining,Entertainment,Lifestyle,Fashion,Family-Friendly,Urban,Landmark
Plaza Singapura,Shopping Mall,Retail,Dining,Entertainment,Lifestyle,Fashion,Urban,Landmark,Family-Friendly
Funan Mall,Shopping Mall,Retail,Dining,Entertainment,Technology,Lifestyle,Urban,Fashion,Innovative
Waterway Point,Shopping Mall,Retail,Dining,Entertainment,Lifestyle,Family-Friendly,Waterfront,Urban,Landmark
NEX Mall,Shopping Mall,Retail,Dining,Entertainment,Lifestyle,Family-Friendly,Urban,Landmark,Fashion
Raffles City Shopping Centre,Shopping Mall,Retail,Dining,Entertainment,Lifestyle,Urban,Landmark,Luxury,Fashion
The Shoppes at Marina Bay Sands,Shopping Mall,Luxury,Brands,Retail,Dining,Entertainment,Canal,Lifestyle,Fashion
Jurong Point,Shopping Mall,Retail,Dining,Entertainment,Lifestyle,Fashion,Family-Friendly,Urban,Landmark
AMK Hub,Shopping Mall,Retail,Dining,Entertainment,Lifestyle,Family-Friendly,Urban,Landmark,Fashion
City Square Mall,Shopping Mall,Retail,Dining,Entertainment,Lifestyle,Family-Friendly,Urban,Landmark,Fashion
Parkway Parade,Shopping Mall,Retail,Dining,Entertainment,Lifestyle,Fashion,Waterfront,Urban,Landmark
Snow City Singapore,Snow ,Snow,Play,Snow,Tubing,Snowboarding,Winter,Experience,Fun
Singapore Sports Hub,Sports Complex,Sports,Events,Stadium,Indoor,Arena,Concerts,Sports,Facilities
National Stadium,Sports Venue,Sports,Events,Concerts,Football,Athletics,Capacity,Iconic,Roof
Singapore Indoor Stadium,Sports Venue,Concerts,Sports,Events,Entertainment,Indoor,Acoustics,Performances,Iconic
Sri Mariamman Temple,Temple,Hindu,Temple,Cultural,Architecture,Religious,Festivals,Ornate,Spiritual
Haw Par Villa,Theme ,Chinese,Mythology,Statues,Quirky,Moral,Lessons,Cultural,Educational
Universal Studios Singapore,Theme ,Rides,Entertainment,Movies,Attractions,Characters,Family-Friendly,Adventure,Shows
Amped Trampoline Park,Trampoline,Jumping,Bouncing,Fun,Fitness,Indoor,Active,Adventure,Entertainment
Bounce Singapore,Trampoline,Trampolines,Bouncing,Fun,Fitness,Indoor,Active,Adventure,Entertainment
Houbii Spot,Trampoline,Trampolines,Bouncing,Fun,Fitness,Indoor,Active,Adventure,Entertainment
Katapult Trampoline Park,Trampoline,Trampolines,Bouncing,Fun,Fitness,Indoor,Active,Adventure,Entertainment
Zoom Park Asia,Trampoline,Trampolines,Bouncing,Fun,Fitness,Indoor,Active,Adventure,Entertainment
Singapore Cable Car,Transportation,Scenic,Views,Mount,Faber,Sentosa,Skyline,Transportation,Attractions
Changi Airport,Transportation Hub,Aviation,Travel,International,Terminal,Efficiency,Connectivity,Shopping,Dining
National University of Singapore,University,Education,Research,Campus,Ivy,League,Academic,Excellence,Cultural
Virtual Room Singapore,Virtual Reality,Virtual,Reality,Gaming,Immersive,Experience,Adventure,Fun,Entertainment
Singapore Wake Park,Wakeboarding,Wakeboarding,Cable,Thrill,Adventure,Watersports,Fun,Outdoor,Excitement
Sentosa Adventure Cove Waterpark,Water ,Water,Slides,Wave,Pool,Snorkeling,Adventure,Family-Friendly,Aquatic
HydroDash,Water ,Inflatable,Obstacle,Course,Water,Activities,Fun,Adventure,Family-Friendly
Wild Wild Wet,Water ,Water,Slides,Wave,Pool,Lazy,River,Family-Friendly,Adventure
National Stadium Water Sports Centre,Water Sports,Kayaking,Dragon,Boating,Canoeing,Rowing,Water,Activities,Sports
Jurong Bird,Wildlife ,Birds,Aviary,Flamingos,Parrots,Feeding,Sessions,Shows,Educational
Night Safari,Wildlife ,Nocturnal,Animals,Night,Experience,Tram,Ride,Animal,Shows
Singapore River Safari,Wildlife ,River,Cruise,Wildlife,Pandas,Aquarium,Conservation,Amazon,Rainforest
Singapore Zoo,Wildlife ,Animals,Safari,Conservation,Shows,Educational,Family-Friendly,Adventure,Wildlife
River Safari,Wildlife ,River,Cruise,Wildlife,Pandas,Aquarium,Conservation,Adventure,Educational